timestamp,round,status,request_body,response_body
2025-10-13T17:55:21.874532,1,500,"{""email"": ""ตอฮา.ถนอมมนุษย์.d1e3351d@hotmail.com"", ""firstname"": ""ตอฮา"", ""lastname"": ""ถนอมมนุษย์"", ""birthday"": ""1989-07-10"", ""phone"": ""0945029175""}","{""statusCode"":500,""message"":""Internal server error""}"
2025-10-13T17:55:24.344686,2,500,"{""email"": ""นิวิลดาน.แนวพนิช.0a5230d0@gmail.com"", ""firstname"": ""นิวิลดาน"", ""lastname"": ""แนวพนิช"", ""birthday"": ""1998-05-08"", ""phone"": ""0946711615""}","{""statusCode"":500,""message"":""Internal server error""}"
2025-10-13T17:55:26.663018,3,500,"{""email"": ""จิราภรณ์.ทหารแท้.6088cf99@hotmail.com"", ""firstname"": ""จิราภรณ์"", ""lastname"": ""ทหารแท้"", ""birthday"": ""1998-01-23"", ""phone"": ""0842193223""}","{""statusCode"":500,""message"":""Internal server error""}"
2025-10-13T17:55:28.929909,4,201,"{""email"": ""ณภัทร.ถนอมกุลบุตร.13c1b72f@hotmail.com"", ""firstname"": ""ณภัทร"", ""lastname"": ""ถนอมกุลบุตร"", ""birthday"": ""2002-02-25"", ""phone"": ""0673268560""}","{""id"":4,""firstname"":""ณภัทร"",""lastname"":""ถนอมกุลบุตร"",""birthday"":""2002-02-25"",""email"":""ณภัทร.ถนอมกุลบุตร.13c1b72f@hotmail.com"",""phone"":""0673268560"",""pid"":3}"
2025-10-13T17:55:32.505639,5,201,"{""email"": ""สมนึก.นำธวัช.9f248877@hotmail.com"", ""firstname"": ""สมนึก"", ""lastname"": ""นำธวัช"", ""birthday"": ""1982-10-06"", ""phone"": ""0960774977""}","{""id"":5,""firstname"":""สมนึก"",""lastname"":""นำธวัช"",""birthday"":""1982-10-06"",""email"":""สมนึก.นำธวัช.9f248877@hotmail.com"",""phone"":""0960774977"",""pid"":4}"
2025-10-13T17:55:35.407768,6,201,"{""email"": ""นิภา.มนทอง.5e278ae1@hotmail.com"", ""firstname"": ""นิภา"", ""lastname"": ""มนทอง"", ""birthday"": ""1971-07-05"", ""phone"": ""0679366710""}","{""id"":6,""firstname"":""นิภา"",""lastname"":""มนทอง"",""birthday"":""1971-07-05"",""email"":""นิภา.มนทอง.5e278ae1@hotmail.com"",""phone"":""0679366710"",""pid"":5}"
2025-10-13T17:55:38.299301,7,201,"{""email"": ""พรรณปพร.ชำนาญวาด.b061b2a9@mail.com"", ""firstname"": ""พรรณปพร"", ""lastname"": ""ชำนาญวาด"", ""birthday"": ""1989-12-23"", ""phone"": ""0605281878""}","{""id"":7,""firstname"":""พรรณปพร"",""lastname"":""ชำนาญวาด"",""birthday"":""1989-12-23"",""email"":""พรรณปพร.ชำนาญวาด.b061b2a9@mail.com"",""phone"":""0605281878"",""pid"":6}"
2025-10-13T17:55:41.199460,8,201,"{""email"": ""สุพัตร.ดิศดใน.4b1d5d9d@hotmail.com"", ""firstname"": ""สุพัตร"", ""lastname"": ""ดิศดใน"", ""birthday"": ""1988-08-10"", ""phone"": ""0657391648""}","{""id"":8,""firstname"":""สุพัตร"",""lastname"":""ดิศดใน"",""birthday"":""1988-08-10"",""email"":""สุพัตร.ดิศดใน.4b1d5d9d@hotmail.com"",""phone"":""0657391648"",""pid"":7}"
2025-10-13T17:55:44.234948,9,201,"{""email"": ""พัชรพร.นับเนื่องนอ.b8ba0e7c@example.com"", ""firstname"": ""พัชรพร"", ""lastname"": ""นับเนื่องนอ"", ""birthday"": ""1989-08-16"", ""phone"": ""0777740961""}","{""id"":9,""firstname"":""พัชรพร"",""lastname"":""นับเนื่องนอ"",""birthday"":""1989-08-16"",""email"":""พัชรพร.นับเนื่องนอ.b8ba0e7c@example.com"",""phone"":""0777740961"",""pid"":8}"
2025-10-13T17:55:47.099410,10,201,"{""email"": ""อัครพนธ์.นิยมธรรม.94b78cf1@hotmail.com"", ""firstname"": ""อัครพนธ์"", ""lastname"": ""นิยมธรรม"", ""birthday"": ""1972-06-28"", ""phone"": ""0991019657""}","{""id"":10,""firstname"":""อัครพนธ์"",""lastname"":""นิยมธรรม"",""birthday"":""1972-06-28"",""email"":""อัครพนธ์.นิยมธรรม.94b78cf1@hotmail.com"",""phone"":""0991019657"",""pid"":9}"
2025-10-13T18:15:59.141308,1,201,"{""email"": ""สุพัตรา.ถนอมพล.3e79d3a8@hotmail.com"", ""firstname"": ""สุพัตรา"", ""lastname"": ""ถนอมพล"", ""birthday"": ""1993-09-13"", ""phone"": ""0989524737""}","{""id"":11,""firstname"":""สุพัตรา"",""lastname"":""ถนอมพล"",""birthday"":""1993-09-13"",""email"":""สุพัตรา.ถนอมพล.3e79d3a8@hotmail.com"",""phone"":""0989524737"",""pid"":10}"
2025-10-13T18:16:02.111843,2,201,"{""email"": ""จรรยพร.บุนยะศัพท์.5d561321@gmail.com"", ""firstname"": ""จรรยพร"", ""lastname"": ""บุนยะศัพท์"", ""birthday"": ""1974-03-21"", ""phone"": ""0827369062""}","{""id"":12,""firstname"":""จรรยพร"",""lastname"":""บุนยะศัพท์"",""birthday"":""1974-03-21"",""email"":""จรรยพร.บุนยะศัพท์.5d561321@gmail.com"",""phone"":""0827369062"",""pid"":11}"
2025-10-13T18:16:05.040680,3,201,"{""email"": ""วรรณาต.ยาปะโลหิต.c9a6656c@example.com"", ""firstname"": ""วรรณาต"", ""lastname"": ""ยาปะโลหิต"", ""birthday"": ""1987-04-27"", ""phone"": ""0671364560""}","{""id"":13,""firstname"":""วรรณาต"",""lastname"":""ยาปะโลหิต"",""birthday"":""1987-04-27"",""email"":""วรรณาต.ยาปะโลหิต.c9a6656c@example.com"",""phone"":""0671364560"",""pid"":12}"
2025-10-13T18:16:07.908238,4,201,"{""email"": ""เสรี.ธนรักษ์.82d06f10@example.com"", ""firstname"": ""เสรี"", ""lastname"": ""ธนรักษ์"", ""birthday"": ""1971-10-13"", ""phone"": ""0976919428""}","{""id"":14,""firstname"":""เสรี"",""lastname"":""ธนรักษ์"",""birthday"":""1971-10-13"",""email"":""เสรี.ธนรักษ์.82d06f10@example.com"",""phone"":""0976919428"",""pid"":13}"
2025-10-13T18:16:10.788363,5,201,"{""email"": ""หรรษา.เช้าวันดี.8ba0c53e@mail.com"", ""firstname"": ""หรรษา"", ""lastname"": ""เช้าวันดี"", ""birthday"": ""1981-01-15"", ""phone"": ""0780113179""}","{""id"":15,""firstname"":""หรรษา"",""lastname"":""เช้าวันดี"",""birthday"":""1981-01-15"",""email"":""หรรษา.เช้าวันดี.8ba0c53e@mail.com"",""phone"":""0780113179"",""pid"":14}"
2025-10-13T18:16:13.678911,6,201,"{""email"": ""เสรี.ยะผา.24a8bf43@mail.com"", ""firstname"": ""เสรี"", ""lastname"": ""ยะผา"", ""birthday"": ""1997-11-20"", ""phone"": ""0947976859""}","{""id"":16,""firstname"":""เสรี"",""lastname"":""ยะผา"",""birthday"":""1997-11-20"",""email"":""เสรี.ยะผา.24a8bf43@mail.com"",""phone"":""0947976859"",""pid"":15}"
2025-10-13T18:16:16.579042,7,201,"{""email"": ""สินสมุทร.ถาวรรัตน.54b6d4ca@gmail.com"", ""firstname"": ""สินสมุทร"", ""lastname"": ""ถาวรรัตน"", ""birthday"": ""1976-04-20"", ""phone"": ""0982427542""}","{""id"":17,""firstname"":""สินสมุทร"",""lastname"":""ถาวรรัตน"",""birthday"":""1976-04-20"",""email"":""สินสมุทร.ถาวรรัตน.54b6d4ca@gmail.com"",""phone"":""0982427542"",""pid"":16}"
2025-10-13T18:16:19.506250,8,201,"{""email"": ""ทิพย์วารี.ศรีธนะเวทย์.459030d7@gmail.com"", ""firstname"": ""ทิพย์วารี"", ""lastname"": ""ศรีธนะเวทย์"", ""birthday"": ""1979-12-24"", ""phone"": ""0641983558""}","{""id"":18,""firstname"":""ทิพย์วารี"",""lastname"":""ศรีธนะเวทย์"",""birthday"":""1979-12-24"",""email"":""ทิพย์วารี.ศรีธนะเวทย์.459030d7@gmail.com"",""phone"":""0641983558"",""pid"":17}"
2025-10-13T18:16:22.390308,9,201,"{""email"": ""สมเกียรติ.นักรบ.5a431bee@gmail.com"", ""firstname"": ""สมเกียรติ"", ""lastname"": ""นักรบ"", ""birthday"": ""1972-11-05"", ""phone"": ""0734179315""}","{""id"":19,""firstname"":""สมเกียรติ"",""lastname"":""นักรบ"",""birthday"":""1972-11-05"",""email"":""สมเกียรติ.นักรบ.5a431bee@gmail.com"",""phone"":""0734179315"",""pid"":18}"
2025-10-13T18:16:25.324502,10,201,"{""email"": ""พลภูมิ.ศรีเผด็จ.11cfd462@gmail.com"", ""firstname"": ""พลภูมิ"", ""lastname"": ""ศรีเผด็จ"", ""birthday"": ""2003-04-06"", ""phone"": ""0901919845""}","{""id"":20,""firstname"":""พลภูมิ"",""lastname"":""ศรีเผด็จ"",""birthday"":""2003-04-06"",""email"":""พลภูมิ.ศรีเผด็จ.11cfd462@gmail.com"",""phone"":""0901919845"",""pid"":19}"
